session_id,timestamp,datetime_iso,probe_type,sniffer_mode,channel,packet_rate,byte_rate,avg_packet_size,packet_size_std,tcp_ratio,udp_ratio,icmp_ratio,syn_ratio,ack_ratio,rst_ratio,fin_ratio,syn_completion_ratio,unique_src_ports,unique_dst_ports,unique_src_ips,unique_dst_ips,src_dst_pair_count,mean_iat,std_iat,dst_port_entropy,tcp_count,udp_count,icmp_count,ground_truth_scenario,is_attack,predicted_threat,anomaly_score,confidence,edge_prediction,edge_flag
sess_20261005_171144_19476,1791195110089,2026-10-05T17:11:50.090875,esp32,all-networks,1,36.02,19466.34,540.38,135.09,0.7377,0.2623,0.0,0.0111,0.7,0.0,0.0,63.0,166,59,10,44,44,27.76,9.72,5.8826,180,64,0,Normal,0,Normal,0.0,1.0,Normal,0
sess_20261005_171144_19476,1791195111132,2026-10-05T17:11:51.132865,esp32,all-networks,1,4.88,410.13,84.0,21.0,0.7366,0.2634,0.0,0.0112,0.7039,0.0,0.0,63.0,165,59,10,43,43,204.81,71.68,5.8826,179,64,0,Normal,0,Normal,0.0,1.0,Normal,0
sess_20261005_171144_19476,1791195112177,2026-10-05T17:11:52.179340,esp32,all-networks,1,8.63,761.45,88.22,22.06,0.7366,0.2634,0.0,0.0112,0.7039,0.0,0.0,63.0,165,59,10,43,43,115.86,40.55,5.8826,179,64,0,Normal,0,Normal,0.0,1.0,Normal,0
sess_20261005_171144_19476,1791195113235,2026-10-05T17:11:53.237535,esp32,all-networks,1,10.53,860.57,81.73,20.43,0.7388,0.2612,0.0,0.011,0.7072,0.0,0.0,64.0,166,60,10,43,43,94.97,33.24,5.9069,181,64,0,Normal,0,Normal,0.0,1.0,Normal,0
sess_20261005_171144_19476,1791195114302,2026-10-05T17:11:54.304039,esp32,all-networks,1,6.6,569.86,86.29,21.57,0.7388,0.2612,0.0,0.011,0.7072,0.0,0.0,64.0,166,60,10,43,43,151.42,53.0,5.9069,181,64,0,Normal,0,Normal,0.2121,0.3738,Normal,0
sess_20261005_171144_19476,1791195115354,2026-10-05T17:11:55.356545,esp32,all-networks,1,4.69,388.75,82.8,20.7,0.7388,0.2612,0.0,0.011,0.6961,0.0,0.0,63.0,166,60,10,43,43,212.99,74.55,5.9069,181,64,0,Normal,0,Normal,0.2121,0.3738,Normal,0
sess_20261005_171144_19476,1791195116398,2026-10-05T17:11:56.400833,esp32,all-networks,1,17.01,3718.29,218.56,54.64,0.7388,0.2612,0.0,0.011,0.6961,0.0,0.0,63.0,166,60,10,43,43,58.78,20.57,5.9069,181,64,0,Normal,0,Normal,0.2121,0.3738,Normal,0
sess_20261005_171144_19476,1791195117445,2026-10-05T17:11:57.445828,esp32,all-networks,1,2.88,197.82,68.67,17.17,0.7388,0.2612,0.0,0.011,0.6961,0.0,0.0,63.0,166,60,10,43,43,347.11,121.49,5.9069,181,64,0,Normal,0,Normal,0.2121,0.2654,Normal,0
sess_20261005_171144_19476,1791195118490,2026-10-05T17:11:58.494625,esp32,all-networks,1,1.9,1414.94,743.5,185.88,0.7377,0.2623,0.0,0.0111,0.6889,0.0,0.0,62.0,164,61,10,43,43,525.47,183.91,5.9307,180,64,0,Normal,0,Normal,0.2121,0.3785,Normal,0
sess_20261005_171144_19476,1791195119531,2026-10-05T17:11:59.531901,esp32,all-networks,1,17.25,37749.83,2188.5,547.12,0.7377,0.2623,0.0,0.0111,0.6889,0.0,0.0,62.0,164,61,10,43,43,57.97,20.29,5.9307,180,64,0,Normal,0,Normal,0.3195,0.303,Normal,0
sess_20261005_171144_19476,1791195120592,2026-10-05T17:12:00.593273,esp32,all-networks,1,11.55,28625.88,2478.67,619.67,0.7377,0.2623,0.0,0.0111,0.6889,0.0,0.0,62.0,164,61,10,43,43,86.59,30.31,5.9307,180,64,0,Normal,0,Normal,0.3925,0.303,Normal,0
sess_20261005_171144_19476,1791195121781,2026-10-05T17:12:01.781697,esp32,all-networks,1,1.88,151.65,80.5,20.12,0.7377,0.2623,0.0,0.0111,0.6889,0.0,0.0,62.0,164,61,10,43,43,530.83,185.79,5.9307,180,64,0,Normal,0,Normal,0.3925,0.303,Normal,0
sess_20261005_171144_19476,1791195122850,2026-10-05T17:12:02.850003,esp32,all-networks,1,61.97,22299.79,359.85,89.96,0.7349,0.2651,0.0,0.0109,0.6776,0.0,0.0,62.0,168,61,10,43,43,16.14,5.65,5.9307,183,66,0,Normal,0,Normal,0.2121,0.3738,Normal,0
sess_20261005_171144_19476,1791195123895,2026-10-05T17:12:03.895687,esp32,all-networks,1,68.1,17786.22,261.18,65.3,0.7302,0.2698,0.0,0.0,0.6739,0.0,0.0,1.0,169,61,10,41,41,14.68,5.14,5.9307,184,68,0,Normal,0,Normal,0.2301,0.2746,Normal,0
sess_20261005_171144_19476,1791195124928,2026-10-05T17:12:04.928414,esp32,all-networks,1,42.84,3256.76,76.02,19.01,0.7344,0.2656,0.0,0.0053,0.6596,0.0,0.0,124.0,173,61,10,42,42,23.34,8.17,5.9307,188,68,0,Normal,0,Normal,0.2121,0.2654,Normal,0
sess_20261005_171144_19476,1791195125965,2026-10-05T17:12:05.965839,esp32,all-networks,1,51.93,21813.4,420.09,105.02,0.7354,0.2646,0.0,0.0,0.6667,0.0,0.0,1.0,174,61,10,42,42,19.26,6.74,5.9307,189,68,0,Normal,0,Normal,0.2121,0.3738,Normal,0
sess_20261005_171144_19476,1791195127079,2026-10-05T17:12:07.079680,esp32,all-networks,1,4.82,369.25,76.6,19.15,0.7354,0.2646,0.0,0.0,0.6667,0.0,0.0,1.0,174,61,10,42,42,207.45,72.61,5.9307,189,68,0,Normal,0,Normal,0.248,0.2746,Normal,0
sess_20261005_171144_19476,1791195128155,2026-10-05T17:12:08.161210,esp32,all-networks,1,21.22,1838.2,86.62,21.66,0.7333,0.2667,0.0,0.0,0.6631,0.0,0.0,1.0,172,61,10,42,42,47.12,16.49,5.9307,187,68,0,Normal,0,Normal,0.2121,0.3738,Normal,0
sess_20261005_171144_19476,1791195129219,2026-10-05T17:12:09.219419,esp32,all-networks,1,16.16,1216.85,75.29,18.82,0.7312,0.2688,0.0,0.0,0.6541,0.0,0.0,1.0,169,62,10,41,41,61.88,21.66,5.9542,185,68,0,Normal,0,Normal,0.2121,0.3738,Normal,0
sess_20261005_171144_19476,1791195130261,2026-10-05T17:12:10.261194,esp32,all-networks,1,6.56,562.66,85.71,21.43,0.7302,0.2698,0.0,0.0,0.6576,0.0,0.0,1.0,168,62,10,41,41,152.34,53.32,5.9542,184,68,0,Normal,0,Normal,0.2121,0.3738,Normal,0
sess_20261005_171144_19476,1791195131333,2026-10-05T17:12:11.333736,esp32,all-networks,1,1.91,153.65,80.5,20.12,0.7302,0.2698,0.0,0.0,0.6576,0.0,0.0,1.0,168,62,10,41,41,523.92,183.37,5.9542,184,68,0,Normal,0,Normal,0.2121,0.3738,Normal,0
sess_20261005_171144_19476,1791195132383,2026-10-05T17:12:12.383643,esp32,all-networks,1,0.0,0.0,0.0,0.0,0.7302,0.2698,0.0,0.0,0.6576,0.0,0.0,1.0,168,62,10,41,41,1000.0,350.0,5.9542,184,68,0,Normal,0,Normal,0.2121,0.3738,Normal,0
sess_20261005_171144_19476,1791195133429,2026-10-05T17:12:13.429034,esp32,all-networks,1,0.0,0.0,0.0,0.0,0.7302,0.2698,0.0,0.0,0.6576,0.0,0.0,1.0,168,62,10,41,41,1000.0,350.0,5.9542,184,68,0,Normal,0,Normal,0.2121,0.3785,Normal,0
sess_20261005_171144_19476,1791195134480,2026-10-05T17:12:14.480867,esp32,all-networks,1,9.5,818.81,86.2,21.55,0.7302,0.2698,0.0,0.0,0.6522,0.0,0.0,1.0,168,62,10,41,41,105.27,36.84,5.9542,184,68,0,Normal,0,Normal,0.2121,0.3785,Normal,0
sess_20261005_171144_19476,1791195135525,2026-10-05T17:12:15.525790,esp32,all-networks,1,0.0,0.0,0.0,0.0,0.7302,0.2698,0.0,0.0,0.6522,0.0,0.0,1.0,168,62,10,41,41,1000.0,350.0,5.9542,184,68,0,Normal,0,Normal,0.2121,0.3738,Normal,0
sess_20261005_171144_19476,1791195136571,2026-10-05T17:12:16.573256,esp32,all-networks,1,0.0,0.0,0.0,0.0,0.7302,0.2698,0.0,0.0,0.6522,0.0,0.0,1.0,168,62,10,41,41,1000.0,350.0,5.9542,184,68,0,Normal,0,Normal,0.2121,0.3785,Normal,0
sess_20261005_171144_19476,1791195137611,2026-10-05T17:12:17.611907,esp32,all-networks,1,0.0,0.0,0.0,0.0,0.7419,0.2581,0.0,0.0,0.6522,0.0,0.0,1.0,166,62,10,41,41,1000.0,350.0,5.9542,184,64,0,Normal,0,Normal,0.2121,0.3785,Normal,0
sess_20261005_171144_19476,1791195138680,2026-10-05T17:12:18.680144,esp32,all-networks,1,15.26,6186.42,405.44,101.36,0.749,0.251,0.0,0.0,0.6486,0.0,0.0,1.0,165,63,10,41,41,65.54,22.94,5.9773,185,62,0,Normal,0,Normal,0.2121,0.3785,Normal,0
sess_20261005_171144_19476,1791195139745,2026-10-05T17:12:19.745463,esp32,all-networks,1,4.69,372.04,79.4,19.85,0.749,0.251,0.0,0.0,0.6486,0.0,0.0,1.0,165,63,10,41,41,213.42,74.7,5.9773,185,62,0,Normal,0,Normal,0.248,0.2746,Normal,0
sess_20261005_171144_19476,1791195140797,2026-10-05T17:12:20.797951,esp32,all-networks,1,5.62,541.55,96.33,24.08,0.749,0.251,0.0,0.0,0.6486,0.0,0.0,1.0,165,63,10,41,41,177.88,62.26,5.9773,185,62,0,Normal,0,Normal,0.2121,0.3738,Normal,0
sess_20261005_171144_19476,1791195141878,2026-10-05T17:12:21.880142,esp32,all-networks,1,24.88,5870.26,235.92,58.98,0.749,0.251,0.0,0.0,0.6486,0.0,0.0,1.0,165,63,10,41,41,40.19,14.07,5.9773,185,62,0,Normal,0,Normal,0.2121,0.362,Normal,0
sess_20261005_171144_19476,1791195142957,2026-10-05T17:12:22.959402,esp32,all-networks,1,15.63,8900.06,569.59,142.4,0.751,0.249,0.0,0.0107,0.6417,0.0,0.0,60.0,167,64,10,43,43,64.0,22.4,6.0,187,62,0,Normal,0,Normal,0.2121,0.2654,Normal,0
sess_20261005_171144_19476,1791195144015,2026-10-05T17:12:24.017321,esp32,all-networks,1,7.47,499.78,66.88,16.72,0.751,0.249,0.0,0.0107,0.6417,0.0,0.0,60.0,167,64,10,43,43,133.81,46.83,6.0,187,62,0,Normal,0,Normal,0.2893,0.276,Normal,0
sess_20261005_171144_19476,1791195145164,2026-10-05T17:12:25.170293,esp32,all-networks,1,2.81,237.07,84.33,21.08,0.751,0.249,0.0,0.0107,0.6417,0.0,0.0,60.0,167,64,10,43,43,355.73,124.51,6.0,187,62,0,Normal,0,Normal,0.2121,0.3785,Normal,0
sess_20261005_171144_19476,1791195146238,2026-10-05T17:12:26.239701,esp32,all-networks,1,6.08,1254.74,206.43,51.61,0.751,0.249,0.0,0.0107,0.6417,0.0,0.0,60.0,167,64,10,43,43,164.52,57.58,6.0,187,62,0,Normal,0,Normal,0.2121,0.3738,Normal,0
sess_20261005_171144_19476,1791195147335,2026-10-05T17:12:27.337427,esp32,all-networks,1,6.59,1522.64,231.0,57.75,0.751,0.249,0.0,0.0107,0.6417,0.0,0.0,60.0,167,64,10,43,43,151.71,53.1,6.0,187,62,0,Normal,0,Normal,0.2121,0.2654,Normal,0
sess_20261005_171144_19476,1791195148386,2026-10-05T17:12:28.388081,esp32,all-networks,1,0.0,0.0,0.0,0.0,0.751,0.249,0.0,0.0107,0.6417,0.0,0.0,60.0,167,64,10,43,43,1000.0,350.0,6.0,187,62,0,Normal,0,Normal,0.2121,0.2654,Normal,0
sess_20261005_171144_19476,1791195149464,2026-10-05T17:12:29.464158,esp32,all-networks,1,3.81,295.31,77.5,19.38,0.751,0.249,0.0,0.0107,0.6417,0.0,0.0,60.0,167,64,10,43,43,262.44,91.85,6.0,187,62,0,Normal,0,Normal,0.2121,0.3785,Normal,0
sess_20261005_171144_19476,1791195150541,2026-10-05T17:12:30.543733,esp32,all-networks,1,5.54,506.23,91.33,22.83,0.751,0.249,0.0,0.0107,0.6417,0.0,0.0,60.0,167,64,10,43,43,180.42,63.15,6.0,187,62,0,Normal,0,Normal,0.2121,0.3738,Normal,0
sess_20261005_171144_19476,1791195151577,2026-10-05T17:12:31.577646,esp32,all-networks,1,2.8,238.19,85.0,21.25,0.751,0.249,0.0,0.0107,0.6417,0.0,0.0,60.0,167,64,10,43,43,356.87,124.9,6.0,187,62,0,Normal,0,Normal,0.2121,0.3714,Normal,0
sess_20261005_171144_19476,1791195152630,2026-10-05T17:12:32.632857,esp32,all-networks,1,0.96,71.02,71.02,17.75,0.7571,0.2429,0.0,0.0107,0.6417,0.0,0.0,60.0,166,64,10,43,43,1000.0,350.0,6.0,187,60,0,Normal,0,Normal,0.2121,0.3738,Normal,0
sess_20261005_171144_19476,1791195153679,2026-10-05T17:12:33.679626,esp32,all-networks,1,0.0,0.0,0.0,0.0,0.7633,0.2367,0.0,0.0107,0.6417,0.0,0.0,60.0,165,64,10,43,43,1000.0,350.0,6.0,187,58,0,Normal,0,Normal,0.2121,0.3785,Normal,0
sess_20261005_171144_19476,1791195154738,2026-10-05T17:12:34.740703,esp32,all-networks,1,220.71,42383.39,192.03,48.01,0.7472,0.2528,0.0,0.0199,0.5871,0.0,0.0,29.5,184,64,10,42,42,4.53,1.59,6.0,201,68,0,Normal,0,Normal,0.2121,0.3785,Normal,0
sess_20261005_171144_19476,1791195155784,2026-10-05T17:12:35.786530,esp32,all-networks,1,465.3,194172.31,417.3,104.33,0.7367,0.2633,0.0,0.0097,0.57,0.0,0.0,59.0,193,64,10,43,43,2.15,0.75,6.0,207,74,0,Normal,0,Normal,0.2121,0.2654,Normal,0
sess_20261005_171144_19476,1791195156837,2026-10-05T17:12:36.837153,esp32,all-networks,1,164.9,67451.79,409.04,102.26,0.7343,0.2657,0.0,0.0095,0.5762,0.0,0.0,60.5,197,64,10,43,43,6.06,2.12,6.0,210,76,0,Normal,0,Normal,0.248,0.2746,Normal,0
sess_20261005_171144_19476,1791195157875,2026-10-05T17:12:37.875752,esp32,all-networks,1,102.46,32737.23,319.53,79.88,0.7241,0.2759,0.0,0.0095,0.5619,0.0,0.0,59.0,199,64,10,43,43,9.76,3.42,6.0,210,80,0,Normal,0,Normal,0.248,0.2746,Normal,0
sess_20261005_171144_19476,1791195158944,2026-10-05T17:12:38.946306,esp32,all-networks,1,56.05,33701.61,601.29,150.32,0.727,0.273,0.0,0.0235,0.5399,0.0,0.0,23.0,202,64,10,43,43,17.84,6.24,6.0,213,80,0,Normal,0,Normal,0.2301,0.2746,Normal,0
sess_20261005_171144_19476,1791195160000,2026-10-05T17:12:40.000798,esp32,all-networks,1,270.24,108410.9,401.17,100.29,0.7333,0.2667,0.0,0.0091,0.5409,0.0,0.0,59.5,208,65,10,45,45,3.7,1.29,6.0224,220,80,0,Normal,0,Normal,0.307,0.276,Normal,0
sess_20261005_171144_19476,1791195161049,2026-10-05T17:12:41.050623,esp32,all-networks,1,192.32,96840.42,503.53,125.88,0.7324,0.2676,0.0,0.0091,0.5434,0.0,0.0,59.5,207,65,10,45,45,5.2,1.82,6.0224,219,80,0,Normal,0,Normal,0.2402,0.2746,Normal,0
sess_20261005_171144_19476,1791195162080,2026-10-05T17:12:42.080442,esp32,all-networks,1,4.82,1439.13,298.8,74.7,0.7324,0.2676,0.0,0.0091,0.5434,0.0,0.0,59.5,207,65,10,45,45,207.62,72.67,6.0224,219,80,0,Normal,0,Normal,0.2743,0.286,Normal,0
sess_20261005_171144_19476,1791195163360,2026-10-05T17:12:43.362043,esp32,all-networks,1,62.92,10213.65,162.32,40.58,0.736,0.264,0.0,0.009,0.5381,0.0,0.0,60.0,211,65,10,46,46,15.89,5.56,6.0224,223,80,0,Normal,0,Normal,0.224,0.2653,Normal,0
sess_20261005_171144_19476,1791195164431,2026-10-05T17:12:44.431459,esp32,all-networks,1,41.34,13554.34,327.87,81.97,0.7342,0.2658,0.0,0.0,0.543,0.0,0.0,1.0,209,64,10,44,44,24.19,8.47,6.0,221,80,0,Normal,0,Normal,0.2121,0.2731,Normal,0
sess_20261005_171144_19476,1791195165486,2026-10-05T17:12:45.488496,esp32,all-networks,1,87.27,25145.44,288.13,72.03,0.7311,0.2689,0.0,0.0,0.5381,0.0,0.0,1.0,212,64,10,43,43,11.46,4.01,6.0,223,82,0,Normal,0,Normal,0.2301,0.2746,Normal,0
sess_20261005_171144_19476,1791195166536,2026-10-05T17:12:46.538126,esp32,all-networks,1,130.79,73344.5,560.79,140.2,0.7282,0.2718,0.0,0.0,0.5467,0.0,0.0,1.0,215,64,10,43,43,7.65,2.68,6.0,225,84,0,Normal,0,Normal,0.224,0.2653,Normal,0
sess_20261005_171144_19476,1791195167578,2026-10-05T17:12:47.579702,esp32,all-networks,1,117.55,36168.4,307.68,76.92,0.7287,0.2713,0.0,0.0,0.5455,0.0,0.0,1.0,222,64,10,43,43,8.51,2.98,6.0,231,86,0,Normal,0,Normal,0.1999,0.3299,Normal,0
sess_20261005_171144_19476,1791195168622,2026-10-05T17:12:48.623915,esp32,all-networks,1,128.66,56312.57,437.67,109.42,0.7214,0.2786,0.0,0.0043,0.5193,0.0,0.0,121.0,226,64,10,45,45,7.77,2.72,6.0,233,90,0,Normal,0,Normal,0.1622,0.3327,Normal,0
sess_20261005_171144_19476,1791195169682,2026-10-05T17:12:49.684882,esp32,all-networks,1,48.83,23135.99,473.84,118.46,0.7214,0.2786,0.0,0.0,0.5236,0.0,0.0,1.0,225,65,10,45,45,20.48,7.17,6.0224,233,90,0,Normal,0,Normal,0.18,0.3397,Normal,0
sess_20261005_171144_19476,1791195170738,2026-10-05T17:12:50.741225,esp32,all-networks,1,89.48,66974.04,748.49,187.12,0.716,0.284,0.0,0.0,0.5216,0.0,0.0,1.0,225,65,10,44,44,11.18,3.91,6.0224,232,92,0,Normal,0,Normal,0.1877,0.3332,Normal,0
sess_20261005_171144_19476,1791195171804,2026-10-05T17:12:51.805570,esp32,all-networks,1,71.81,44878.48,625.0,156.25,0.709,0.291,0.0,0.0,0.524,0.0,0.0,1.0,223,65,10,41,41,13.93,4.88,6.0224,229,94,0,Normal,0,Normal,0.2249,0.3036,Normal,0
sess_20261005_171144_19476,1791195172843,2026-10-05T17:12:52.845020,esp32,all-networks,1,69.66,18005.85,258.49,64.62,0.7073,0.2927,0.0,0.0,0.5172,0.0,0.0,1.0,227,65,10,41,41,14.36,5.03,6.0224,232,96,0,Normal,0,Normal,0.2156,0.3299,Normal,0
sess_20261005_171144_19476,1791195173906,2026-10-05T17:12:53.908626,esp32,all-networks,1,402.69,430694.15,1069.54,267.38,0.7073,0.2927,0.0,0.0,0.5172,0.0,0.0,1.0,227,65,10,41,41,2.48,0.87,6.0224,232,96,0,Normal,0,Normal,0.1491,0.3429,Normal,0
sess_20261005_171144_19476,1791195174992,2026-10-05T17:12:54.992970,esp32,all-networks,1,1215.6,1407900.97,1158.19,289.55,0.7073,0.2927,0.0,0.0,0.5172,0.0,0.0,1.0,227,65,10,41,41,0.82,0.29,6.0224,232,96,0,Normal,0,Normal,0.2581,0.3007,Normal,0
sess_20261005_171144_19476,1791195176061,2026-10-05T17:12:56.064947,esp32,all-networks,1,1760.7,2016590.99,1145.34,286.33,0.7057,0.2943,0.0,0.0,0.5106,0.0,0.0,1.0,231,65,10,41,41,0.57,0.2,6.0224,235,98,0,Normal,0,Normal,0.2843,0.3007,Normal,0
sess_20261005_171144_19476,1791195177114,2026-10-05T17:12:57.115690,esp32,all-networks,1,1739.45,2027481.56,1165.59,291.4,0.7057,0.2943,0.0,0.0,0.5106,0.0,0.0,1.0,231,65,10,41,41,0.57,0.2,6.0224,235,98,0,Normal,0,Normal,0.2843,0.3007,Normal,0
sess_20261005_171144_19476,1791195178165,2026-10-05T17:12:58.167687,esp32,all-networks,1,1620.62,1881708.77,1161.11,290.28,0.7057,0.2943,0.0,0.0,0.5106,0.0,0.0,1.0,231,65,10,41,41,0.62,0.22,6.0224,235,98,0,Normal,0,Normal,0.2843,0.3007,Normal,0
sess_20261005_171144_19476,1791195179221,2026-10-05T17:12:59.222417,esp32,all-networks,1,2271.41,2602278.22,1145.66,286.42,0.6991,0.3009,0.0,0.0,0.5063,0.0,0.0,1.0,235,65,10,41,41,0.44,0.15,6.0224,237,102,0,Normal,0,Normal,0.2843,0.3007,Normal,0
sess_20261005_171144_19476,1791195180326,2026-10-05T17:13:00.329162,esp32,all-networks,1,716.82,801726.82,1118.45,279.61,0.6991,0.3009,0.0,0.0,0.5063,0.0,0.0,1.0,235,65,10,41,41,1.4,0.49,6.0224,237,102,0,Normal,0,Normal,0.2843,0.3007,Normal,0
sess_20261005_171144_19476,1791195181410,2026-10-05T17:13:01.410511,esp32,all-networks,1,1348.93,1559849.73,1156.36,289.09,0.6991,0.3009,0.0,0.0,0.5063,0.0,0.0,1.0,235,65,10,41,41,0.74,0.26,6.0224,237,102,0,Normal,0,Normal,0.2752,0.3007,Normal,0
sess_20261005_171144_19476,1791195182459,2026-10-05T17:13:02.461777,esp32,all-networks,1,1148.93,1345419.7,1171.02,292.76,0.7009,0.2991,0.0,0.0084,0.5021,0.0,0.0,60.0,237,66,10,43,43,0.87,0.3,6.0444,239,102,0,Normal,0,Normal,0.2843,0.3007,Normal,0
sess_20261005_171144_19476,1791195183529,2026-10-05T17:13:03.529425,esp32,all-networks,1,1631.52,1905674.76,1168.04,292.01,0.7009,0.2991,0.0,0.0084,0.5021,0.0,0.0,60.0,237,66,10,43,43,0.61,0.21,6.0444,239,102,0,Normal,0,Normal,0.2843,0.3007,Normal,0
sess_20261005_171144_19476,1791195184591,2026-10-05T17:13:04.592247,esp32,all-networks,1,1270.54,1481878.03,1166.34,291.58,0.7092,0.2908,0.0,0.0084,0.5021,0.0,0.0,60.0,235,66,10,43,43,0.79,0.28,6.0444,239,98,0,Normal,0,Normal,0.2843,0.3007,Normal,0
sess_20261005_171144_19476,1791195185647,2026-10-05T17:13:05.737767,esp32,all-networks,1,828.5,948507.15,1144.84,286.21,0.7134,0.2866,0.0,0.0084,0.5021,0.0,0.0,60.0,234,66,10,43,43,1.21,0.42,6.0444,239,96,0,Normal,0,Normal,0.2843,0.3007,Normal,0
sess_20261005_171144_19476,1791195186791,2026-10-05T17:13:06.791546,esp32,all-networks,1,1407.18,1614737.02,1147.5,286.88,0.7169,0.2831,0.0,0.0084,0.5,0.0,0.0,59.5,232,66,10,43,43,0.71,0.25,6.0444,238,94,0,Normal,0,Normal,0.2843,0.3007,Normal,0
sess_20261005_171144_19476,1791195187858,2026-10-05T17:13:07.858764,esp32,all-networks,1,1646.84,1931913.58,1173.1,293.28,0.7169,0.2831,0.0,0.0084,0.5,0.0,0.0,59.5,232,66,10,43,43,0.61,0.21,6.0444,238,94,0,Normal,0,Normal,0.2843,0.3007,Normal,0
sess_20261005_171144_19476,1791195188915,2026-10-05T17:13:08.915987,esp32,all-networks,1,1973.54,2312267.89,1171.64,292.91,0.716,0.284,0.0,0.0084,0.4979,0.0,0.0,59.0,231,66,10,42,42,0.51,0.18,6.0444,237,94,0,Normal,0,Normal,0.2843,0.3007,Normal,0
sess_20261005_171144_19476,1791195189975,2026-10-05T17:13:09.975847,esp32,all-networks,1,1929.23,2263274.65,1173.15,293.29,0.7292,0.2708,0.0,0.0084,0.4979,0.0,0.0,59.0,228,66,10,42,42,0.52,0.18,6.0444,237,88,0,Normal,0,Normal,0.2843,0.3007,Normal,0
sess_20261005_171144_19476,1791195191045,2026-10-05T17:13:11.047778,esp32,all-networks,1,1432.61,1675658.97,1169.66,292.41,0.7292,0.2708,0.0,0.0084,0.4979,0.0,0.0,59.0,228,66,10,42,42,0.7,0.24,6.0444,237,88,0,Normal,0,Normal,0.2843,0.3007,Normal,0
sess_20261005_171144_19476,1791195192126,2026-10-05T17:13:12.126253,esp32,all-networks,1,1278.56,1494180.52,1168.64,292.16,0.7292,0.2708,0.0,0.0084,0.4979,0.0,0.0,59.0,228,66,10,42,42,0.78,0.27,6.0444,237,88,0,Normal,0,Normal,0.2843,0.3007,Normal,0
sess_20261005_171144_19476,1791195193204,2026-10-05T17:13:13.206230,esp32,all-networks,1,426.09,481099.1,1129.11,282.28,0.7337,0.2663,0.0,0.0084,0.4979,0.0,0.0,59.0,227,66,10,42,42,2.35,0.82,6.0444,237,86,0,Normal,0,Normal,0.2843,0.3007,Normal,0
sess_20261005_171144_19476,1791195194251,2026-10-05T17:13:14.257006,esp32,all-networks,1,895.58,1034043.54,1154.61,288.65,0.7337,0.2663,0.0,0.0084,0.4979,0.0,0.0,59.0,227,66,10,42,42,1.12,0.39,6.0444,237,86,0,Normal,0,Normal,0.2752,0.3007,Normal,0
sess_20261005_171144_19476,1791195195333,2026-10-05T17:13:15.333983,esp32,all-networks,1,1754.23,2060378.41,1174.52,293.63,0.7383,0.2617,0.0,0.0084,0.4979,0.0,0.0,59.0,226,66,10,42,42,0.57,0.2,6.0444,237,84,0,Normal,0,Normal,0.2843,0.3007,Normal,0
sess_20261005_171144_19476,1791195196421,2026-10-05T17:13:16.422731,esp32,all-networks,1,1225.82,1435212.37,1170.82,292.7,0.7476,0.2524,0.0,0.0084,0.4979,0.0,0.0,59.0,224,66,10,42,42,0.82,0.29,6.0444,237,80,0,Normal,0,Normal,0.2843,0.3007,Normal,0
sess_20261005_171144_19476,1791195197458,2026-10-05T17:13:17.458460,esp32,all-networks,1,1359.04,1585264.97,1166.46,291.61,0.7468,0.2532,0.0,0.0085,0.4958,0.0,0.0,58.5,223,66,10,42,42,0.74,0.26,6.0444,236,80,0,Normal,0,Normal,0.2843,0.3007,Normal,0
sess_20261005_171144_19476,1791195198614,2026-10-05T17:13:18.614820,esp32,all-networks,1,1355.61,1584122.78,1168.57,292.14,0.7572,0.2428,0.0,0.0084,0.4937,0.0,0.0,58.5,221,67,10,42,42,0.74,0.26,6.0661,237,76,0,Normal,0,Normal,0.2843,0.3007,Normal,0
sess_20261005_171144_19476,1791195199675,2026-10-05T17:13:19.675854,esp32,all-networks,1,1291.4,1510910.13,1169.98,292.49,0.7572,0.2428,0.0,0.0084,0.4937,0.0,0.0,58.5,221,67,10,42,42,0.77,0.27,6.0661,237,76,0,Normal,0,Normal,0.2843,0.3007,Normal,0
sess_20261005_171144_19476,1791195200734,2026-10-05T17:13:20.734658,esp32,all-networks,1,1272.1,1475354.19,1159.78,289.94,0.7662,0.2338,0.0,0.0085,0.4958,0.0,0.0,58.5,218,67,10,41,41,0.79,0.28,6.0661,236,72,0,Normal,0,Normal,0.2843,0.3007,Normal,0
sess_20261005_171144_19476,1791195201792,2026-10-05T17:13:21.792596,esp32,all-networks,1,1842.07,2152637.81,1168.6,292.15,0.7662,0.2338,0.0,0.0085,0.4958,0.0,0.0,58.5,218,67,10,41,41,0.54,0.19,6.0661,236,72,0,Normal,0,Normal,0.2843,0.3007,Normal,0
sess_20261005_171144_19476,1791195202842,2026-10-05T17:13:22.842768,esp32,all-networks,1,1843.71,2144246.61,1163.01,290.75,0.7662,0.2338,0.0,0.0085,0.4958,0.0,0.0,58.5,218,67,10,41,41,0.54,0.19,6.0661,236,72,0,Normal,0,Normal,0.2843,0.3007,Normal,0
sess_20261005_171144_19476,1791195203879,2026-10-05T17:13:23.879585,esp32,all-networks,1,1313.64,1542732.37,1174.4,293.6,0.7647,0.2353,0.0,0.0,0.5,0.0,0.0,1.0,216,66,10,39,39,0.76,0.27,6.0444,234,72,0,Normal,0,Normal,0.2843,0.3007,Normal,0
sess_20261005_171144_19476,1791195204984,2026-10-05T17:13:24.984064,esp32,all-networks,1,1190.79,1389911.02,1167.22,291.8,0.7647,0.2353,0.0,0.0,0.5,0.0,0.0,1.0,216,66,10,39,39,0.84,0.29,6.0444,234,72,0,Normal,0,Normal,0.374,0.3031,Normal,0
sess_20261005_171144_19476,1791195206030,2026-10-05T17:13:26.030895,esp32,all-networks,1,1571.72,1833774.13,1166.73,291.68,0.7647,0.2353,0.0,0.0,0.5,0.0,0.0,1.0,216,66,10,39,39,0.64,0.22,6.0444,234,72,0,Normal,0,Normal,0.374,0.3031,Normal,0
sess_20261005_171144_19476,1791195207077,2026-10-05T17:13:27.077680,esp32,all-networks,1,1654.44,1938745.06,1171.84,292.96,0.7647,0.2353,0.0,0.0,0.5,0.0,0.0,1.0,216,66,10,39,39,0.6,0.21,6.0444,234,72,0,Normal,0,Normal,0.374,0.3031,Normal,0
sess_20261005_171144_19476,1791195208133,2026-10-05T17:13:28.133888,esp32,all-networks,1,1286.0,1506864.65,1171.74,292.94,0.7748,0.2252,0.0,0.0,0.5,0.0,0.0,1.0,214,66,10,39,39,0.78,0.27,6.0444,234,68,0,Normal,0,Normal,0.374,0.3031,Normal,0
sess_20261005_171144_19476,1791195209185,2026-10-05T17:13:29.187751,esp32,all-networks,1,1269.95,1483505.27,1168.16,292.04,0.7874,0.2126,0.0,0.0084,0.4937,0.0,0.0,58.5,214,67,10,41,41,0.79,0.28,6.0661,237,64,0,Normal,0,Normal,0.374,0.3031,Normal,0
sess_20261005_171144_19476,1791195210243,2026-10-05T17:13:30.243602,esp32,all-networks,1,1394.28,1616030.5,1159.04,289.76,0.7912,0.2088,0.0,0.0,0.4979,0.0,0.0,1.0,211,67,10,39,39,0.72,0.25,6.0661,235,62,0,Normal,0,Normal,0.374,0.3031,Normal,0
sess_20261005_171144_19476,1791195211293,2026-10-05T17:13:31.293033,esp32,all-networks,1,744.6,860628.3,1155.82,288.96,0.7912,0.2088,0.0,0.0,0.4979,0.0,0.0,1.0,211,67,10,39,39,1.34,0.47,6.0661,235,62,0,Normal,0,Normal,0.374,0.3031,Normal,0
sess_20261005_171144_19476,1791195212359,2026-10-05T17:13:32.361604,esp32,all-networks,1,1081.24,1258536.32,1163.97,290.99,0.7912,0.2088,0.0,0.0,0.4979,0.0,0.0,1.0,211,67,10,39,39,0.92,0.32,6.0661,235,62,0,Normal,0,Normal,0.374,0.3031,Normal,0
sess_20261005_171144_19476,1791195213384,2026-10-05T17:13:33.385956,esp32,all-networks,1,982.48,1139856.04,1160.19,290.05,0.7912,0.2088,0.0,0.0,0.4979,0.0,0.0,1.0,211,67,10,39,39,1.02,0.36,6.0661,235,62,0,Normal,0,Normal,0.374,0.3031,Normal,0
sess_20261005_171144_19476,1791195214405,2026-10-05T17:13:34.405314,esp32,all-networks,1,1542.26,1809988.86,1173.59,293.4,0.7919,0.2081,0.0,0.0,0.4958,0.0,0.0,1.0,211,68,10,39,39,0.65,0.23,6.0875,236,62,0,Normal,0,Normal,0.374,0.3031,Normal,0
sess_20261005_171144_19476,1791195215420,2026-10-05T17:13:35.422765,esp32,all-networks,1,1694.17,1978241.17,1167.68,291.92,0.7919,0.2081,0.0,0.0,0.4958,0.0,0.0,1.0,211,68,10,39,39,0.59,0.21,6.0875,236,62,0,Normal,0,Normal,0.374,0.3031,Normal,0
sess_20261005_171144_19476,1791195216443,2026-10-05T17:13:36.446305,esp32,all-networks,1,2455.3,2887520.85,1176.03,294.01,0.7973,0.2027,0.0,0.0,0.4958,0.0,0.0,1.0,210,68,10,39,39,0.41,0.14,6.0875,236,60,0,Normal,0,Normal,0.374,0.3031,Normal,0
sess_20261005_171144_19476,1791195217471,2026-10-05T17:13:37.472266,esp32,all-networks,1,1095.93,1264318.32,1153.65,288.41,0.7919,0.2081,0.0,0.0,0.4958,0.0,0.0,1.0,211,68,10,39,39,0.91,0.32,6.0875,236,62,0,Normal,0,Normal,0.374,0.3031,Normal,0
sess_20261005_171144_19476,1791195218510,2026-10-05T17:13:38.510634,esp32,all-networks,1,1680.62,1832697.59,1090.49,272.62,0.8158,0.1842,0.0,0.004,0.4919,0.0,0.0,122.0,220,68,10,40,40,0.6,0.21,6.0875,248,56,0,Normal,0,Normal,0.374,0.3031,Normal,0
sess_20261005_171144_19476,1791195219578,2026-10-05T17:13:39.578960,esp32,all-networks,1,1886.73,2150194.55,1139.64,284.91,0.8025,0.1975,0.0,0.0119,0.4802,0.0,0.0,40.3333,227,68,10,41,41,0.53,0.19,6.0875,252,62,0,Normal,0,Normal,0.3534,0.3031,Normal,0
sess_20261005_171144_19476,1791195220642,2026-10-05T17:13:40.654025,esp32,all-networks,1,2555.05,2328959.28,911.51,227.88,0.0059,0.9941,0.0,0.02,0.08,0.0,0.0,1.0,228,68,10,41,41,0.39,0.14,0.2,253,62,0,DDoS_UDP,1,Normal,0.2752,0.3007,Normal,0
sess_20261005_171144_19476,1791195221733,2026-10-05T17:13:41.733057,esp32,all-networks,1,2815.62,2386861.01,847.72,211.93,0.0053,0.9947,0.0,0.02,0.08,0.0,0.0,1.0,228,68,10,40,40,0.36,0.13,0.2,252,63,0,DDoS_UDP,1,Normal,0.3127,0.1876,Normal,0
sess_20261005_171144_19476,1791195222807,2026-10-05T17:13:42.807350,esp32,all-networks,1,3145.0,3004081.87,955.19,238.8,0.0048,0.9952,0.0,0.02,0.08,0.0,0.0,122.0,227,69,10,41,41,0.32,0.11,0.2,252,62,0,DDoS_UDP,1,Normal,0.2906,0.1876,Normal,0
sess_20261005_171144_19476,1791195223883,2026-10-05T17:13:43.883775,esp32,all-networks,1,3171.04,2679819.21,845.09,211.27,0.0047,0.9953,0.0,0.02,0.08,0.0,0.0,122.0,227,69,10,41,41,0.32,0.11,0.2,252,62,0,DDoS_UDP,1,Normal,0.3127,0.1876,Normal,0
sess_20261005_171144_19476,1791195224947,2026-10-05T17:13:44.949395,esp32,all-networks,1,3587.39,3470802.05,967.5,241.88,0.0042,0.9958,0.0,0.02,0.08,0.0,0.0,122.0,228,69,10,41,41,0.28,0.1,0.2,252,63,0,DDoS_UDP,1,Normal,0.2906,0.1876,Normal,0
sess_20261005_171144_19476,1791195226011,2026-10-05T17:13:46.013855,esp32,all-networks,1,3677.3,3457374.71,940.19,235.05,0.0041,0.9959,0.0,0.02,0.08,0.0,0.0,118.0,227,69,10,41,41,0.27,0.09,0.2,252,62,0,DDoS_UDP,1,Normal,0.3137,0.1876,Normal,0
sess_20261005_171144_19476,1791195227095,2026-10-05T17:13:47.098318,esp32,all-networks,1,3407.15,2992550.6,878.32,219.58,0.0044,0.9956,0.0,0.02,0.08,0.0,0.0,118.0,226,69,10,41,41,0.29,0.1,0.2,252,60,0,DDoS_UDP,1,Normal,0.3127,0.1876,Normal,0
sess_20261005_171144_19476,1791195228179,2026-10-05T17:13:48.180650,esp32,all-networks,1,3001.45,2791957.38,930.2,232.55,0.005,0.995,0.0,0.02,0.08,0.0,0.0,121.0,231,69,10,41,41,0.33,0.12,0.2,255,63,0,DDoS_UDP,1,Normal,0.2982,0.1876,Normal,0
sess_20261005_171144_19476,1791195229237,2026-10-05T17:13:49.237900,esp32,all-networks,1,3240.89,2890464.14,891.87,222.97,0.0046,0.9954,0.0,0.02,0.08,0.0,0.0,123.0,230,70,10,41,41,0.31,0.11,0.2,256,62,0,DDoS_UDP,1,Normal,0.3127,0.1876,Normal,0
sess_20261005_171144_19476,1791195230302,2026-10-05T17:13:50.304874,esp32,all-networks,1,3064.52,2483176.39,810.3,202.57,0.0049,0.9951,0.0,0.02,0.08,0.0,0.0,23.4,233,70,10,42,42,0.33,0.12,0.2,259,62,0,DDoS_UDP,1,Normal,0.3015,0.1876,Normal,0
sess_20261005_171144_19476,1791195231374,2026-10-05T17:13:51.457864,esp32,all-networks,1,2691.16,2604784.86,967.9,241.98,0.0056,0.9944,0.0,0.02,0.08,0.0,0.0,119.0,229,70,10,41,41,0.37,0.13,0.2,254,63,0,DDoS_UDP,1,Normal,0.2906,0.1876,Normal,0
sess_20261005_171144_19476,1791195232423,2026-10-05T17:13:52.423703,esp32,all-networks,1,3006.34,2449116.05,814.65,203.66,0.005,0.995,0.0,0.02,0.08,0.0,0.0,122.0,231,70,10,41,41,0.33,0.12,0.2,257,62,0,DDoS_UDP,1,Normal,0.3137,0.1876,Normal,0
sess_20261005_171144_19476,1791195233502,2026-10-05T17:13:53.502443,esp32,all-networks,1,2652.44,2063011.98,777.78,194.45,0.0057,0.9943,0.0,0.02,0.08,0.0,0.0,40.0,238,70,10,43,43,0.38,0.13,0.2,263,63,0,DDoS_UDP,1,Normal,0.2906,0.1876,Normal,0
sess_20261005_171144_19476,1791195234559,2026-10-05T17:13:54.559343,esp32,all-networks,1,2590.61,2359550.32,910.81,227.7,0.0058,0.9942,0.0,0.02,0.08,0.0,0.0,121.0,236,70,10,42,42,0.39,0.14,0.2,262,62,0,DDoS_UDP,1,Normal,0.2845,0.1876,Normal,0
sess_20261005_171144_19476,1791195235630,2026-10-05T17:13:55.630022,esp32,all-networks,1,3332.7,2860713.6,858.38,214.59,0.0045,0.9955,0.0,0.02,0.08,0.0,0.0,121.0,236,70,10,42,42,0.3,0.1,0.2,262,62,0,DDoS_UDP,1,Normal,0.3127,0.1876,Normal,0
sess_20261005_171144_19476,1791195236690,2026-10-05T17:13:56.690448,esp32,all-networks,1,2250.58,1823428.33,810.2,202.55,0.0067,0.9933,0.0,0.02,0.08,0.0,0.0,121.0,237,70,10,42,42,0.44,0.15,0.2,262,63,0,DDoS_UDP,1,Normal,0.2906,0.1876,Normal,0
sess_20261005_171144_19476,1791195237757,2026-10-05T17:13:57.759907,esp32,all-networks,1,2894.02,2639176.52,911.94,227.99,0.0052,0.9948,0.0,0.02,0.08,0.0,0.0,121.0,236,70,10,42,42,0.35,0.12,0.2,262,62,0,DDoS_UDP,1,Normal,0.2906,0.1876,Normal,0
sess_20261005_171144_19476,1791195238841,2026-10-05T17:13:58.843119,esp32,all-networks,1,3007.64,2451194.38,814.99,203.75,0.005,0.995,0.0,0.02,0.08,0.0,0.0,124.0,239,67,10,42,42,0.33,0.12,0.2,262,62,0,DDoS_UDP,1,Normal,0.3127,0.1876,Normal,0
sess_20261005_171144_19476,1791195239896,2026-10-05T17:13:59.896368,esp32,all-networks,1,3057.62,2866661.24,937.55,234.39,0.0049,0.9951,0.0,0.02,0.08,0.0,0.0,120.0,241,67,10,42,42,0.33,0.12,0.2,262,65,0,DDoS_UDP,1,Normal,0.2906,0.1876,Normal,0
sess_20261005_171144_19476,1791195240950,2026-10-05T17:14:00.950871,esp32,all-networks,1,3453.95,3175224.24,919.3,229.83,0.0043,0.9957,0.0,0.02,0.08,0.0,0.0,120.0,239,67,10,42,42,0.29,0.1,0.2,261,64,0,DDoS_UDP,1,Normal,0.3127,0.1876,Normal,0
sess_20261005_171144_19476,1791195241990,2026-10-05T17:14:01.990386,esp32,all-networks,1,3129.34,2607879.18,833.36,208.34,0.0048,0.9952,0.0,0.02,0.08,0.0,0.0,120.0,239,67,10,42,42,0.32,0.11,0.2,261,64,0,DDoS_UDP,1,Normal,0.3127,0.1876,Normal,0
sess_20261005_171144_19476,1791195243040,2026-10-05T17:14:03.040331,esp32,all-networks,1,1740.02,1504175.43,864.46,216.11,0.0086,0.9914,0.0,0.02,0.08,0.0,0.0,120.0,237,67,10,42,42,0.57,0.2,0.2,259,64,0,DDoS_UDP,1,Normal,0.2906,0.1876,Normal,0
sess_20261005_171144_19476,1791195244128,2026-10-05T17:14:04.130774,esp32,all-networks,1,3287.7,2784337.99,846.9,211.72,0.0046,0.9954,0.0,0.02,0.08,0.0,0.0,1.0,233,65,10,41,41,0.3,0.1,0.2,254,64,0,DDoS_UDP,1,Normal,0.2906,0.1876,Normal,0
sess_20261005_171144_19476,1791195245203,2026-10-05T17:14:05.203050,esp32,all-networks,1,2300.47,1827621.38,794.46,198.61,0.0065,0.9935,0.0,0.02,0.08,0.0,0.0,1.0,231,65,10,41,41,0.43,0.15,0.2,251,65,0,DDoS_UDP,1,Normal,0.2906,0.1876,Normal,0
sess_20261005_171144_19476,1791195246264,2026-10-05T17:14:06.264562,esp32,all-networks,1,3015.23,2854904.7,946.83,236.71,0.005,0.995,0.0,0.02,0.08,0.0,0.0,1.0,230,65,10,41,41,0.33,0.12,0.2,251,64,0,DDoS_UDP,1,Normal,0.2877,0.1876,Normal,0
sess_20261005_171144_19476,1791195247337,2026-10-05T17:14:07.340055,esp32,all-networks,1,2157.67,1475977.06,684.06,171.01,0.007,0.993,0.0,0.02,0.08,0.0,0.0,119.0,230,65,10,41,41,0.46,0.16,0.2,251,64,0,DDoS_UDP,1,Normal,0.3127,0.1876,Normal,0
sess_20261005_171144_19476,1791195248389,2026-10-05T17:14:08.391469,esp32,all-networks,1,2351.66,1965909.27,835.97,208.99,0.0064,0.9936,0.0,0.02,0.08,0.0,0.0,1.0,231,64,10,41,41,0.43,0.15,0.2,250,65,0,DDoS_UDP,1,Normal,0.274,0.2104,Normal,0
sess_20261005_171144_19476,1791195249462,2026-10-05T17:14:09.462894,esp32,all-networks,1,2390.09,1995209.64,834.78,208.7,0.0063,0.9937,0.0,0.02,0.08,0.0,0.0,1.0,229,64,10,41,41,0.42,0.15,0.2,250,62,0,DDoS_UDP,1,Normal,0.2906,0.1876,Normal,0
sess_20261005_171144_19476,1791195250504,2026-10-05T17:14:10.504548,esp32,all-networks,1,2854.09,2297692.55,805.05,201.26,0.0053,0.9947,0.0,0.02,0.08,0.0,0.0,1.0,229,64,10,41,41,0.35,0.12,0.2,250,62,0,DDoS_UDP,1,Normal,0.2906,0.1876,Normal,0
sess_20261005_171144_19476,1791195251629,2026-10-05T17:14:11.630057,esp32,all-networks,1,2575.65,2375662.29,922.35,230.59,0.0058,0.9942,0.0,0.02,0.08,0.0,0.0,1.0,230,64,10,41,41,0.39,0.14,0.2,250,63,0,DDoS_UDP,1,Normal,0.2906,0.1876,Normal,0
sess_20261005_171144_19476,1791195252675,2026-10-05T17:14:12.675769,esp32,all-networks,1,2719.72,2299435.16,845.47,211.37,0.0055,0.9945,0.0,0.02,0.08,0.0,0.0,1.0,229,64,10,41,41,0.37,0.13,0.2,250,62,0,DDoS_UDP,1,Normal,0.3127,0.1876,Normal,0
sess_20261005_171144_19476,1791195253742,2026-10-05T17:14:13.743722,esp32,all-networks,1,2953.54,2389777.84,809.12,202.28,0.0051,0.9949,0.0,0.02,0.08,0.0,0.0,1.0,228,65,10,40,40,0.34,0.12,0.2,250,62,0,DDoS_UDP,1,Normal,0.2906,0.1876,Normal,0
sess_20261005_171144_19476,1791195254800,2026-10-05T17:14:14.800080,esp32,all-networks,1,1664.14,1395284.61,838.44,209.61,0.009,0.991,0.0,0.02,0.08,0.0,0.0,1.0,229,65,10,40,40,0.6,0.21,0.2,250,63,0,DDoS_UDP,1,Normal,0.2906,0.1876,Normal,0
sess_20261005_171144_19476,1791195255843,2026-10-05T17:14:15.843587,esp32,all-networks,1,2516.98,1898909.6,754.44,188.61,0.006,0.994,0.0,0.02,0.08,0.0,0.0,1.0,228,65,10,40,40,0.4,0.14,0.2,250,62,0,DDoS_UDP,1,Normal,0.2906,0.1876,Normal,0
sess_20261005_171144_19476,1791195256889,2026-10-05T17:14:16.889597,esp32,all-networks,1,2497.27,1981676.4,793.54,198.38,0.006,0.994,0.0,0.02,0.08,0.0,0.0,1.0,229,65,10,40,40,0.4,0.14,0.2,250,63,0,DDoS_UDP,1,Normal,0.2811,0.1876,Normal,0
sess_20261005_171144_19476,1791195257931,2026-10-05T17:14:17.938933,esp32,all-networks,1,2649.8,2458377.85,927.76,231.94,0.0057,0.9943,0.0,0.02,0.08,0.0,0.0,1.0,228,65,10,40,40,0.38,0.13,0.2,250,62,0,DDoS_UDP,1,Normal,0.2877,0.1876,Normal,0
sess_20261005_171144_19476,1791195258991,2026-10-05T17:14:18.991576,esp32,all-networks,1,2592.69,1999353.93,771.15,192.79,0.0058,0.9942,0.0,0.02,0.08,0.0,0.0,1.0,227,64,10,40,40,0.39,0.14,0.2,249,60,0,DDoS_UDP,1,Normal,0.3127,0.1876,Normal,0
sess_20261005_171144_19476,1791195260089,2026-10-05T17:14:20.091970,esp32,all-networks,1,2263.36,1919268.8,847.97,211.99,0.0066,0.9934,0.0,0.02,0.08,0.0,0.0,1.0,226,64,10,40,40,0.44,0.15,0.2,248,61,0,DDoS_UDP,1,Normal,0.2845,0.1876,Normal,0
sess_20261005_171144_19476,1791195261192,2026-10-05T17:14:21.192151,esp32,all-networks,1,3025.93,2697179.61,891.36,222.84,0.005,0.995,0.0,0.02,0.08,0.0,0.0,1.0,226,64,10,40,40,0.33,0.12,0.2,248,60,0,DDoS_UDP,1,Normal,0.2906,0.1876,Normal,0
sess_20261005_171144_19476,1791195262248,2026-10-05T17:14:22.248388,esp32,all-networks,1,3109.05,2634307.83,847.3,211.83,0.0048,0.9952,0.0,0.02,0.08,0.0,0.0,1.0,226,64,10,40,40,0.32,0.11,0.2,248,60,0,DDoS_UDP,1,Normal,0.3015,0.1876,Normal,0
sess_20261005_171144_19476,1791195263293,2026-10-05T17:14:23.294156,esp32,all-networks,1,1791.96,1476729.19,824.09,206.02,0.0084,0.9916,0.0,0.02,0.08,0.0,0.0,119.0,228,65,10,41,41,0.56,0.2,0.2,249,61,0,DDoS_UDP,1,Normal,0.2906,0.1876,Normal,0
sess_20261005_171144_19476,1791195264356,2026-10-05T17:14:24.371333,esp32,all-networks,1,3000.1,2536589.67,845.5,211.38,0.005,0.995,0.0,0.02,0.08,0.0,0.0,119.0,226,65,10,41,41,0.33,0.12,0.2,249,58,0,DDoS_UDP,1,Normal,0.2906,0.1876,Normal,0
sess_20261005_171144_19476,1791195265459,2026-10-05T17:14:25.459603,esp32,all-networks,1,2375.77,1778353.0,748.54,187.13,0.0063,0.9937,0.0,0.02,0.08,0.0,0.0,118.0,226,65,10,40,40,0.42,0.15,0.2,248,59,0,DDoS_UDP,1,Normal,0.2906,0.1876,Normal,0
sess_20261005_171144_19476,1791195266545,2026-10-05T17:14:26.545714,esp32,all-networks,1,2282.87,2085411.3,913.5,228.38,0.0066,0.9934,0.0,0.02,0.08,0.0,0.0,118.0,226,65,10,40,40,0.44,0.15,0.2,248,59,0,DDoS_UDP,1,Normal,0.2811,0.1876,Normal,0
